id,pic_id,restaurant,url,timestamp,unrelated_report,inappropriate_report,dislike
0,0,"Bailey - Grimes",http://lorempixel.com/640/480/food,2005-02-20,9,4,0
0,1,"Hermiston - Barrows",http://lorempixel.com/640/480/food,2007-08-22,4,7,0
0,2,"Christiansen - Watsica",http://lorempixel.com/640/480/food,2007-04-28,0,4,1
0,3,"Tillman - Goldner",http://lorempixel.com/640/480/food,1998-12-31,3,3,1
0,4,"Hegmann Inc",http://lorempixel.com/640/480/food,1984-09-05,5,10,0
0,5,"Hettinger, Deckow and Ullrich",http://lorempixel.com/640/480/food,1978-07-12,5,8,0
0,6,"Swaniawski - Russel",http://lorempixel.com/640/480/food,1994-11-14,6,0,0
0,7,"Yundt - Dicki",http://lorempixel.com/640/480/food,2011-12-23,1,10,1
0,8,"Schuster Inc",http://lorempixel.com/640/480/food,1994-09-17,4,4,1
0,9,"Erdman - Gusikowski",http://lorempixel.com/640/480/food,2004-10-20,9,3,0
1,0,"Osinski and Sons",http://lorempixel.com/640/480/food,2002-12-17,5,3,0
1,1,"Murphy - Beatty",http://lorempixel.com/640/480/food,1992-09-04,0,10,1
1,2,"Schroeder LLC",http://lorempixel.com/640/480/food,2001-06-23,1,9,0
1,3,"Kovacek - Schulist",http://lorempixel.com/640/480/food,1989-10-26,4,3,0
1,4,"Torp - Bergstrom",http://lorempixel.com/640/480/food,1989-06-07,9,7,1
1,5,"Oberbrunner - White",http://lorempixel.com/640/480/food,1974-09-20,10,10,0
1,6,"Weissnat, Murazik and Dietrich",http://lorempixel.com/640/480/food,1985-08-17,10,9,0
1,7,"Bradtke - Harber",http://lorempixel.com/640/480/food,1991-02-25,10,2,1
1,8,"Kreiger, Gaylord and Kirlin",http://lorempixel.com/640/480/food,2015-02-02,7,2,1
1,9,"Cartwright Group",http://lorempixel.com/640/480/food,1971-01-12,6,6,0
2,0,"Okuneva Group",http://lorempixel.com/640/480/food,1978-02-22,8,4,0
2,1,"Towne Group",http://lorempixel.com/640/480/food,2000-09-28,9,2,0
2,2,"Little - Brown",http://lorempixel.com/640/480/food,1987-09-27,8,4,0
2,3,"Schiller, Schroeder and Kertzmann",http://lorempixel.com/640/480/food,2009-02-25,4,9,0
2,4,"Reichert - Koss",http://lorempixel.com/640/480/food,2008-07-10,8,1,1
2,5,"Prosacco, Hilpert and Renner",http://lorempixel.com/640/480/food,1972-07-26,0,2,1
2,6,"Abbott, Deckow and Schuppe",http://lorempixel.com/640/480/food,1973-10-12,2,5,1
2,7,"Terry, Senger and Yost",http://lorempixel.com/640/480/food,1972-11-20,6,9,1
2,8,"Jakubowski, Hills and Gorczany",http://lorempixel.com/640/480/food,1976-05-20,3,1,0
2,9,"Schinner - Boehm",http://lorempixel.com/640/480/food,1982-02-05,0,3,0
3,0,"Wolf Inc",http://lorempixel.com/640/480/food,2016-04-12,0,3,1
3,1,"Cummerata - Braun",http://lorempixel.com/640/480/food,2001-11-14,5,6,1
3,2,"Schowalter - Blick",http://lorempixel.com/640/480/food,1981-05-19,8,1,0
3,3,"Thompson, Cruickshank and Auer",http://lorempixel.com/640/480/food,2016-01-28,4,1,0
3,4,"Kub, Bode and Pfannerstill",http://lorempixel.com/640/480/food,1978-06-14,7,7,1
3,5,"Predovic - Price",http://lorempixel.com/640/480/food,1987-12-08,3,8,0
3,6,"Cummerata, Torphy and Bednar",http://lorempixel.com/640/480/food,2001-09-04,3,0,1
3,7,"Boyle, Rodriguez and Wisoky",http://lorempixel.com/640/480/food,2004-01-06,3,3,0
3,8,"Zieme - Littel",http://lorempixel.com/640/480/food,1989-01-14,3,6,1
3,9,"Wehner, Orn and Ryan",http://lorempixel.com/640/480/food,1997-11-16,1,9,1
4,0,"Douglas, Terry and Paucek",http://lorempixel.com/640/480/food,1992-11-25,5,6,1
4,1,"Rosenbaum, Jenkins and Gulgowski",http://lorempixel.com/640/480/food,2015-01-04,0,4,1
4,2,"Kutch, O'Reilly and Schmidt",http://lorempixel.com/640/480/food,2009-12-27,7,9,0
4,3,"Schiller, Stokes and Gutmann",http://lorempixel.com/640/480/food,1999-08-05,8,8,0
4,4,"Reichel - Kunde",http://lorempixel.com/640/480/food,2011-10-07,1,1,1
4,5,"Williamson, Fritsch and Reinger",http://lorempixel.com/640/480/food,1971-10-02,4,1,0
4,6,"Donnelly - Hintz",http://lorempixel.com/640/480/food,2009-10-27,6,7,0
4,7,"Cartwright - Graham",http://lorempixel.com/640/480/food,1996-02-26,4,10,0
4,8,"Shields - Kohler",http://lorempixel.com/640/480/food,1995-05-25,0,4,1
4,9,"Parker - Langworth",http://lorempixel.com/640/480/food,2007-03-19,3,5,1
5,0,"McClure Group",http://lorempixel.com/640/480/food,1994-12-17,5,6,0
5,1,"Kilback - Thompson",http://lorempixel.com/640/480/food,1970-05-07,5,6,1
5,2,"Friesen Inc",http://lorempixel.com/640/480/food,1989-06-17,0,6,1
5,3,"Dare - Pfannerstill",http://lorempixel.com/640/480/food,1994-11-01,8,4,0
5,4,"Abernathy, Armstrong and Nienow",http://lorempixel.com/640/480/food,1979-02-22,9,0,1
5,5,"Runolfsson, Davis and Rempel",http://lorempixel.com/640/480/food,1978-08-12,1,2,0
5,6,"Schulist LLC",http://lorempixel.com/640/480/food,1999-05-06,2,6,1
5,7,"Dickinson and Sons",http://lorempixel.com/640/480/food,2000-06-13,10,5,1
5,8,"Marks, Schmitt and Spinka",http://lorempixel.com/640/480/food,1996-08-11,8,5,1
5,9,"Nolan - Williamson",http://lorempixel.com/640/480/food,1983-11-13,9,6,0
6,0,"Dare, Dibbert and Lueilwitz",http://lorempixel.com/640/480/food,1983-07-04,2,0,0
6,1,"Padberg Group",http://lorempixel.com/640/480/food,1987-03-10,3,1,1
6,2,"Hoeger - Mohr",http://lorempixel.com/640/480/food,1970-04-12,0,7,0
6,3,"Gerhold, Sporer and Mills",http://lorempixel.com/640/480/food,1974-01-13,8,4,1
6,4,"Mayert LLC",http://lorempixel.com/640/480/food,1992-07-30,6,1,0
6,5,"Botsford Group",http://lorempixel.com/640/480/food,1993-12-22,3,2,0
6,6,"Jones and Sons",http://lorempixel.com/640/480/food,1998-03-25,7,1,0
6,7,"Dibbert LLC",http://lorempixel.com/640/480/food,1974-07-24,3,10,1
6,8,"Flatley, D'Amore and Kuhlman",http://lorempixel.com/640/480/food,1998-06-27,3,7,0
6,9,"Lynch, Mann and Kreiger",http://lorempixel.com/640/480/food,2008-08-13,6,6,0
7,0,"Graham - Lesch",http://lorempixel.com/640/480/food,2001-06-02,5,8,0
7,1,"Koelpin - Flatley",http://lorempixel.com/640/480/food,2009-03-25,6,6,1
7,2,"Koepp - Walter",http://lorempixel.com/640/480/food,1977-12-05,10,1,1
7,3,"Leannon LLC",http://lorempixel.com/640/480/food,1976-10-28,8,8,0
7,4,"Monahan, Jerde and Langosh",http://lorempixel.com/640/480/food,1972-01-06,5,9,1
7,5,"Emmerich - Anderson",http://lorempixel.com/640/480/food,1980-09-04,10,8,0
7,6,"Rohan Group",http://lorempixel.com/640/480/food,1986-06-19,1,9,1
7,7,"Hansen - Leuschke",http://lorempixel.com/640/480/food,1989-06-18,6,8,1
7,8,"Roob - Turcotte",http://lorempixel.com/640/480/food,2016-03-06,1,9,0
7,9,"Waters - Johnson",http://lorempixel.com/640/480/food,1974-04-03,8,7,1
8,0,"Wolff and Sons",http://lorempixel.com/640/480/food,2000-06-14,9,6,1
8,1,"Lindgren - Zemlak",http://lorempixel.com/640/480/food,1986-10-28,8,8,0
8,2,"Keebler - Harvey",http://lorempixel.com/640/480/food,1993-10-25,0,2,0
8,3,"Bernhard - Harris",http://lorempixel.com/640/480/food,1977-01-04,0,3,0
8,4,"Kiehn Inc",http://lorempixel.com/640/480/food,1995-12-11,3,1,1
8,5,"Spinka, Stoltenberg and Abshire",http://lorempixel.com/640/480/food,1996-04-07,2,0,0
8,6,"Lind, Kreiger and Kuvalis",http://lorempixel.com/640/480/food,2000-10-11,5,5,0
8,7,"Schneider LLC",http://lorempixel.com/640/480/food,1986-09-29,6,1,0
8,8,"Kunze - Stehr",http://lorempixel.com/640/480/food,1985-02-11,10,5,0
8,9,"Ferry, Schinner and Shields",http://lorempixel.com/640/480/food,1974-10-21,5,3,1
9,0,"Stokes - Nikolaus",http://lorempixel.com/640/480/food,1984-01-28,3,5,0
9,1,"Heathcote, Wilderman and Hills",http://lorempixel.com/640/480/food,1980-10-08,2,2,1
9,2,"Lindgren - Leuschke",http://lorempixel.com/640/480/food,2004-08-08,1,6,1
9,3,"Hills LLC",http://lorempixel.com/640/480/food,1999-01-29,4,0,0
9,4,"Tillman, Harvey and Dare",http://lorempixel.com/640/480/food,1989-07-12,8,2,0
9,5,"Bednar LLC",http://lorempixel.com/640/480/food,1981-08-24,10,0,1
9,6,"Legros Inc",http://lorempixel.com/640/480/food,1974-07-17,9,7,1
9,7,"Aufderhar Group",http://lorempixel.com/640/480/food,2004-12-02,4,7,1
9,8,"Doyle, Sporer and Hayes",http://lorempixel.com/640/480/food,1976-11-06,6,3,1
9,9,"Wolff, Langosh and Rogahn",http://lorempixel.com/640/480/food,1995-09-19,6,0,1
